,Name,Type,Address,Built,Room Type,Bath,Sqft,Price,Number of Schools,Average School Rating,Median Rental Price,Median Listing Price,Community Features,Unit Features,url
0,,Single Family Home,"3439C 14th Ave W, Seattle, WA 98119",,3-bedroom,,1510.0,3100.0,5,8.4,2650.0,684990.0,,,https://www.realtor.com/realestateandhomes-detail/3439C-14th-Ave-W_Seattle_WA_98119_M13153-29215
1,,Townhome,"6526 29th Ave S, Seattle, WA 98108",,3-bedroom,2.0,1376.0,2400.0,6,5.0,2650.0,684990.0,,,https://www.realtor.com/realestateandhomes-detail/6526-29th-Ave-S_Seattle_WA_98108_M19175-55713
2,Broadstone Clarendon,Apartment,"105 Warren Ave N, Seattle, WA 98109",2017,1-bedroom,1.0,988.0,2999.0,4,8.5,2650.0,684990.0,"['24-7 Electronic Package Lockers', '24-Hour Maintenance', 'Accent Walls', 'Balconies or Patios*', 'Barbecue/Grill', 'Cable Ready', 'Car Charging Station', 'Carpet', 'Cats Allowed', 'Ceiling Fans', 'Complimentary Common Area Wi-Fi', 'Composting', 'Controlled Access', 'Controlled Access Bike Storage', 'Controlled Access Bike Storage and Wash', 'Controlled Access Garage', 'Designer Finishes with Accent Walls', 'Dining Room', 'Dining Spaces', 'Distinctive Wood-Style Flooring', 'Dogs Allowed', 'Double Pane Windows', 'Elevator', 'Elevator access', 'Energy-Efficient, Dual-Pane Windows', 'Full-Size Washers & Dryers', 'Fully-Equipped Kitchens', 'Gas Barbecues with Outdoor', 'Gas Barbecues with Outdoor Dining Spaces', 'Gated', 'Glass Tile Backsplashes', 'Granite Countertops', 'Heating', 'High Speed Internet Access', 'Ice Maker', 'Kitchen', 'Loft, One- and Two-Bedroom Residences', 'Maintenance on site', 'Modern Custom-Wood Cabinetry', 'Modern Track Lighting', 'On-Site Retail', 'One- and Two-Bedroom Residences', 'Open-Concept Living Areas', 'Oven', 'Oversized Soaking Tubs', 'Plentiful interior storage', 'Plush Carpeting in Bedrooms', 'Portable Air Conditioning Unit Port', 'Private Expansive Balconies and Patios*', 'Professional On-Site Management', 'Quartz Countertops', 'Range', 'Recycling', 'Rooftop Deck with fire Pit', 'Rooftop Entertainment Deck', 'Rooftop Lounge', 'Sizable Coat Closets', 'Smoke Free', 'Stainless Steel Appliances', 'Stainless-Steel Appliance Packages', 'Tile Backsplashes', 'Tub/Shower', 'Views', 'Walk Score of 97!', 'Walk-In Closets', 'Walk-In Closets*', 'Washer/Dryer', 'throughout each Residence']","['Air Conditioning', 'Cable or Satellite TV', 'Ceiling Fan', 'Dishwasher', 'Disposal', 'Dryer', 'Garage', 'Microwave', 'Patio/Balcony', 'Refrigerator', 'View', 'Washer/Dryer hookup', 'Window Coverings']",https://www.realtor.com/realestateandhomes-detail/105-Warren-Ave-N_Seattle_WA_98109_M27524-70294
3,Broadstone Clarendon,Apartment,"105 Warren Ave N, Seattle, WA 98109",2017,1-bedroom,1.0,733.0,2411.0,4,8.5,2650.0,684990.0,"['24-7 Electronic Package Lockers', '24-Hour Maintenance', 'Accent Walls', 'Balconies or Patios*', 'Barbecue/Grill', 'Cable Ready', 'Car Charging Station', 'Carpet', 'Cats Allowed', 'Ceiling Fans', 'Complimentary Common Area Wi-Fi', 'Composting', 'Controlled Access', 'Controlled Access Bike Storage', 'Controlled Access Bike Storage and Wash', 'Controlled Access Garage', 'Designer Finishes with Accent Walls', 'Dining Room', 'Dining Spaces', 'Distinctive Wood-Style Flooring', 'Dogs Allowed', 'Double Pane Windows', 'Elevator', 'Elevator access', 'Energy-Efficient, Dual-Pane Windows', 'Full-Size Washers & Dryers', 'Fully-Equipped Kitchens', 'Gas Barbecues with Outdoor', 'Gas Barbecues with Outdoor Dining Spaces', 'Gated', 'Glass Tile Backsplashes', 'Granite Countertops', 'Heating', 'High Speed Internet Access', 'Ice Maker', 'Kitchen', 'Loft, One- and Two-Bedroom Residences', 'Maintenance on site', 'Modern Custom-Wood Cabinetry', 'Modern Track Lighting', 'On-Site Retail', 'One- and Two-Bedroom Residences', 'Open-Concept Living Areas', 'Oven', 'Oversized Soaking Tubs', 'Plentiful interior storage', 'Plush Carpeting in Bedrooms', 'Portable Air Conditioning Unit Port', 'Private Expansive Balconies and Patios*', 'Professional On-Site Management', 'Quartz Countertops', 'Range', 'Recycling', 'Rooftop Deck with fire Pit', 'Rooftop Entertainment Deck', 'Rooftop Lounge', 'Sizable Coat Closets', 'Smoke Free', 'Stainless Steel Appliances', 'Stainless-Steel Appliance Packages', 'Tile Backsplashes', 'Tub/Shower', 'Views', 'Walk Score of 97!', 'Walk-In Closets', 'Walk-In Closets*', 'Washer/Dryer', 'throughout each Residence']","['Air Conditioning', 'Cable or Satellite TV', 'Ceiling Fan', 'Dishwasher', 'Disposal', 'Dryer', 'Garage', 'Microwave', 'Patio/Balcony', 'Refrigerator', 'View', 'Washer/Dryer hookup', 'Window Coverings']",https://www.realtor.com/realestateandhomes-detail/105-Warren-Ave-N_Seattle_WA_98109_M27524-70294
4,Broadstone Clarendon,Apartment,"105 Warren Ave N, Seattle, WA 98109",2017,1-bedroom,1.0,696.0,2296.0,4,8.5,2650.0,684990.0,"['24-7 Electronic Package Lockers', '24-Hour Maintenance', 'Accent Walls', 'Balconies or Patios*', 'Barbecue/Grill', 'Cable Ready', 'Car Charging Station', 'Carpet', 'Cats Allowed', 'Ceiling Fans', 'Complimentary Common Area Wi-Fi', 'Composting', 'Controlled Access', 'Controlled Access Bike Storage', 'Controlled Access Bike Storage and Wash', 'Controlled Access Garage', 'Designer Finishes with Accent Walls', 'Dining Room', 'Dining Spaces', 'Distinctive Wood-Style Flooring', 'Dogs Allowed', 'Double Pane Windows', 'Elevator', 'Elevator access', 'Energy-Efficient, Dual-Pane Windows', 'Full-Size Washers & Dryers', 'Fully-Equipped Kitchens', 'Gas Barbecues with Outdoor', 'Gas Barbecues with Outdoor Dining Spaces', 'Gated', 'Glass Tile Backsplashes', 'Granite Countertops', 'Heating', 'High Speed Internet Access', 'Ice Maker', 'Kitchen', 'Loft, One- and Two-Bedroom Residences', 'Maintenance on site', 'Modern Custom-Wood Cabinetry', 'Modern Track Lighting', 'On-Site Retail', 'One- and Two-Bedroom Residences', 'Open-Concept Living Areas', 'Oven', 'Oversized Soaking Tubs', 'Plentiful interior storage', 'Plush Carpeting in Bedrooms', 'Portable Air Conditioning Unit Port', 'Private Expansive Balconies and Patios*', 'Professional On-Site Management', 'Quartz Countertops', 'Range', 'Recycling', 'Rooftop Deck with fire Pit', 'Rooftop Entertainment Deck', 'Rooftop Lounge', 'Sizable Coat Closets', 'Smoke Free', 'Stainless Steel Appliances', 'Stainless-Steel Appliance Packages', 'Tile Backsplashes', 'Tub/Shower', 'Views', 'Walk Score of 97!', 'Walk-In Closets', 'Walk-In Closets*', 'Washer/Dryer', 'throughout each Residence']","['Air Conditioning', 'Cable or Satellite TV', 'Ceiling Fan', 'Dishwasher', 'Disposal', 'Dryer', 'Garage', 'Microwave', 'Patio/Balcony', 'Refrigerator', 'View', 'Washer/Dryer hookup', 'Window Coverings']",https://www.realtor.com/realestateandhomes-detail/105-Warren-Ave-N_Seattle_WA_98109_M27524-70294
5,Broadstone Clarendon,Apartment,"105 Warren Ave N, Seattle, WA 98109",2017,1-bedroom,1.0,893.0,3160.0,4,8.5,2650.0,684990.0,"['24-7 Electronic Package Lockers', '24-Hour Maintenance', 'Accent Walls', 'Balconies or Patios*', 'Barbecue/Grill', 'Cable Ready', 'Car Charging Station', 'Carpet', 'Cats Allowed', 'Ceiling Fans', 'Complimentary Common Area Wi-Fi', 'Composting', 'Controlled Access', 'Controlled Access Bike Storage', 'Controlled Access Bike Storage and Wash', 'Controlled Access Garage', 'Designer Finishes with Accent Walls', 'Dining Room', 'Dining Spaces', 'Distinctive Wood-Style Flooring', 'Dogs Allowed', 'Double Pane Windows', 'Elevator', 'Elevator access', 'Energy-Efficient, Dual-Pane Windows', 'Full-Size Washers & Dryers', 'Fully-Equipped Kitchens', 'Gas Barbecues with Outdoor', 'Gas Barbecues with Outdoor Dining Spaces', 'Gated', 'Glass Tile Backsplashes', 'Granite Countertops', 'Heating', 'High Speed Internet Access', 'Ice Maker', 'Kitchen', 'Loft, One- and Two-Bedroom Residences', 'Maintenance on site', 'Modern Custom-Wood Cabinetry', 'Modern Track Lighting', 'On-Site Retail', 'One- and Two-Bedroom Residences', 'Open-Concept Living Areas', 'Oven', 'Oversized Soaking Tubs', 'Plentiful interior storage', 'Plush Carpeting in Bedrooms', 'Portable Air Conditioning Unit Port', 'Private Expansive Balconies and Patios*', 'Professional On-Site Management', 'Quartz Countertops', 'Range', 'Recycling', 'Rooftop Deck with fire Pit', 'Rooftop Entertainment Deck', 'Rooftop Lounge', 'Sizable Coat Closets', 'Smoke Free', 'Stainless Steel Appliances', 'Stainless-Steel Appliance Packages', 'Tile Backsplashes', 'Tub/Shower', 'Views', 'Walk Score of 97!', 'Walk-In Closets', 'Walk-In Closets*', 'Washer/Dryer', 'throughout each Residence']","['Air Conditioning', 'Cable or Satellite TV', 'Ceiling Fan', 'Dishwasher', 'Disposal', 'Dryer', 'Garage', 'Microwave', 'Patio/Balcony', 'Refrigerator', 'View', 'Washer/Dryer hookup', 'Window Coverings']",https://www.realtor.com/realestateandhomes-detail/105-Warren-Ave-N_Seattle_WA_98109_M27524-70294
6,Broadstone Clarendon,Apartment,"105 Warren Ave N, Seattle, WA 98109",2017,2-bedroom,2.0,1070.0,3531.0,4,8.5,2650.0,684990.0,"['24-7 Electronic Package Lockers', '24-Hour Maintenance', 'Accent Walls', 'Balconies or Patios*', 'Barbecue/Grill', 'Cable Ready', 'Car Charging Station', 'Carpet', 'Cats Allowed', 'Ceiling Fans', 'Complimentary Common Area Wi-Fi', 'Composting', 'Controlled Access', 'Controlled Access Bike Storage', 'Controlled Access Bike Storage and Wash', 'Controlled Access Garage', 'Designer Finishes with Accent Walls', 'Dining Room', 'Dining Spaces', 'Distinctive Wood-Style Flooring', 'Dogs Allowed', 'Double Pane Windows', 'Elevator', 'Elevator access', 'Energy-Efficient, Dual-Pane Windows', 'Full-Size Washers & Dryers', 'Fully-Equipped Kitchens', 'Gas Barbecues with Outdoor', 'Gas Barbecues with Outdoor Dining Spaces', 'Gated', 'Glass Tile Backsplashes', 'Granite Countertops', 'Heating', 'High Speed Internet Access', 'Ice Maker', 'Kitchen', 'Loft, One- and Two-Bedroom Residences', 'Maintenance on site', 'Modern Custom-Wood Cabinetry', 'Modern Track Lighting', 'On-Site Retail', 'One- and Two-Bedroom Residences', 'Open-Concept Living Areas', 'Oven', 'Oversized Soaking Tubs', 'Plentiful interior storage', 'Plush Carpeting in Bedrooms', 'Portable Air Conditioning Unit Port', 'Private Expansive Balconies and Patios*', 'Professional On-Site Management', 'Quartz Countertops', 'Range', 'Recycling', 'Rooftop Deck with fire Pit', 'Rooftop Entertainment Deck', 'Rooftop Lounge', 'Sizable Coat Closets', 'Smoke Free', 'Stainless Steel Appliances', 'Stainless-Steel Appliance Packages', 'Tile Backsplashes', 'Tub/Shower', 'Views', 'Walk Score of 97!', 'Walk-In Closets', 'Walk-In Closets*', 'Washer/Dryer', 'throughout each Residence']","['Air Conditioning', 'Cable or Satellite TV', 'Ceiling Fan', 'Dishwasher', 'Disposal', 'Dryer', 'Garage', 'Microwave', 'Patio/Balcony', 'Refrigerator', 'View', 'Washer/Dryer hookup', 'Window Coverings']",https://www.realtor.com/realestateandhomes-detail/105-Warren-Ave-N_Seattle_WA_98109_M27524-70294
7,,Single Family Home,"3001 NE 89th St, Seattle, WA 98115",,1-bedroom,1.0,750.0,2095.0,6,7.17,2650.0,684990.0,,,https://www.realtor.com/realestateandhomes-detail/3001-NE-89th-St_Seattle_WA_98115_M26701-12563
8,,Single Family Home,"7309 Sand Point Way NE Unit 726, Seattle, WA 98115",,1-bedroom,1.0,1032.0,1750.0,6,7.33,2650.0,684990.0,,,https://www.realtor.com/realestateandhomes-detail/7309-Sand-Point-Way-NE-Unit-726_Seattle_WA_98115_M24764-81689
9,,Other,"12317 35th Ave NE Apt C, Seattle, WA 98125",,3-bedroom,1.0,3380.0,1900.0,6,5.83,2650.0,684990.0,,,https://www.realtor.com/realestateandhomes-detail/12317-35th-Ave-NE-Apt-C_Seattle_WA_98125_M23818-48941
10,,Apartment,"8524 Phinney Avenue N 8524 Phinney Ave N, Seattle, WA 98103",,2-bedroom,1.0,670.0,1795.0,5,6.8,2650.0,684990.0,"['Cats Allowed', '']","['Dishwasher', '']",https://www.realtor.com/realestateandhomes-detail/8524-Phinney-Ave-N_Seattle_WA_98103_M16581-81603
11,,Apartment,"8524 Phinney Avenue N 8524 Phinney Ave N, Seattle, WA 98103",,2-bedroom,1.0,716.0,1695.0,5,6.8,2650.0,684990.0,"['Cats Allowed', '']","['Dishwasher', '']",https://www.realtor.com/realestateandhomes-detail/8524-Phinney-Ave-N_Seattle_WA_98103_M16581-81603
12,,Apartment,"8524 Phinney Avenue N 8524 Phinney Ave N, Seattle, WA 98103",,2-bedroom,1.0,621.0,1695.0,5,6.8,2650.0,684990.0,"['Cats Allowed', '']","['Dishwasher', '']",https://www.realtor.com/realestateandhomes-detail/8524-Phinney-Ave-N_Seattle_WA_98103_M16581-81603
13,Medora,Apartment,"6810 Roosevelt Way NE, Seattle, WA 98115",2017,studio,1.0,419.0,1450.0,4,8.25,2650.0,684990.0,"['*Select Homes', 'Air Conditioning in all Top Floor Homes!', 'Air Conditioning*', 'BBQ/Picnic Area', 'Barbecue Area', 'Barbecue/Grill', 'Bike Storage', 'Cable Ready', 'Cardio Machines', 'Cats Allowed', 'Centrally Located', 'Controlled Access', 'Dog Wash Station', 'Double Pane Windows', 'Elevator', 'Fitness Center', 'Free Weights', 'Freezer', 'Gated', 'Grill', 'Heating', 'High Speed Internet Access', 'Ice Maker', 'Large Dogs Allowed', 'Maintenance on site', 'Modern Interiors', 'Online Resident Services', 'Online Services', 'Oven', 'Package Concierge', 'Package Service', 'Pet Washing Station', 'Picnic Area', 'Planned Social Activities', 'Property Manager on Site', 'Range', 'Recycling', 'Rooftop Decks', 'Rooftop Lounge', 'Smoke Free', 'Stainless Steel Appliances', 'Stainless Steel Appliances', 'Storage Units', 'Sundeck', 'Sweeping Views of Seattle', 'Tub/Shower', 'Views', 'Vinyl Flooring', 'Walk-In Closets', 'Walk-in Closets*', 'Washer/Dryer', 'Washer/Dryer', 'Weight Machines']","['Air Conditioning', 'Cable or Satellite TV', 'Dishwasher', 'Disposal', 'Dryer', 'Microwave', 'Refrigerator', 'View']",https://www.realtor.com/realestateandhomes-detail/6810-Roosevelt-Way-NE_Seattle_WA_98115_M14249-69959
14,Medora,Apartment,"6810 Roosevelt Way NE, Seattle, WA 98115",2017,studio,1.0,421.0,1141.0,4,8.25,2650.0,684990.0,"['*Select Homes', 'Air Conditioning in all Top Floor Homes!', 'Air Conditioning*', 'BBQ/Picnic Area', 'Barbecue Area', 'Barbecue/Grill', 'Bike Storage', 'Cable Ready', 'Cardio Machines', 'Cats Allowed', 'Centrally Located', 'Controlled Access', 'Dog Wash Station', 'Double Pane Windows', 'Elevator', 'Fitness Center', 'Free Weights', 'Freezer', 'Gated', 'Grill', 'Heating', 'High Speed Internet Access', 'Ice Maker', 'Large Dogs Allowed', 'Maintenance on site', 'Modern Interiors', 'Online Resident Services', 'Online Services', 'Oven', 'Package Concierge', 'Package Service', 'Pet Washing Station', 'Picnic Area', 'Planned Social Activities', 'Property Manager on Site', 'Range', 'Recycling', 'Rooftop Decks', 'Rooftop Lounge', 'Smoke Free', 'Stainless Steel Appliances', 'Stainless Steel Appliances', 'Storage Units', 'Sundeck', 'Sweeping Views of Seattle', 'Tub/Shower', 'Views', 'Vinyl Flooring', 'Walk-In Closets', 'Walk-in Closets*', 'Washer/Dryer', 'Washer/Dryer', 'Weight Machines']","['Air Conditioning', 'Cable or Satellite TV', 'Dishwasher', 'Disposal', 'Dryer', 'Microwave', 'Refrigerator', 'View']",https://www.realtor.com/realestateandhomes-detail/6810-Roosevelt-Way-NE_Seattle_WA_98115_M14249-69959
15,Medora,Apartment,"6810 Roosevelt Way NE, Seattle, WA 98115",2017,1-bedroom,1.0,612.0,1650.0,4,8.25,2650.0,684990.0,"['*Select Homes', 'Air Conditioning in all Top Floor Homes!', 'Air Conditioning*', 'BBQ/Picnic Area', 'Barbecue Area', 'Barbecue/Grill', 'Bike Storage', 'Cable Ready', 'Cardio Machines', 'Cats Allowed', 'Centrally Located', 'Controlled Access', 'Dog Wash Station', 'Double Pane Windows', 'Elevator', 'Fitness Center', 'Free Weights', 'Freezer', 'Gated', 'Grill', 'Heating', 'High Speed Internet Access', 'Ice Maker', 'Large Dogs Allowed', 'Maintenance on site', 'Modern Interiors', 'Online Resident Services', 'Online Services', 'Oven', 'Package Concierge', 'Package Service', 'Pet Washing Station', 'Picnic Area', 'Planned Social Activities', 'Property Manager on Site', 'Range', 'Recycling', 'Rooftop Decks', 'Rooftop Lounge', 'Smoke Free', 'Stainless Steel Appliances', 'Stainless Steel Appliances', 'Storage Units', 'Sundeck', 'Sweeping Views of Seattle', 'Tub/Shower', 'Views', 'Vinyl Flooring', 'Walk-In Closets', 'Walk-in Closets*', 'Washer/Dryer', 'Washer/Dryer', 'Weight Machines']","['Air Conditioning', 'Cable or Satellite TV', 'Dishwasher', 'Disposal', 'Dryer', 'Microwave', 'Refrigerator', 'View']",https://www.realtor.com/realestateandhomes-detail/6810-Roosevelt-Way-NE_Seattle_WA_98115_M14249-69959
16,Medora,Apartment,"6810 Roosevelt Way NE, Seattle, WA 98115",2017,1-bedroom,1.0,480.0,1550.0,4,8.25,2650.0,684990.0,"['*Select Homes', 'Air Conditioning in all Top Floor Homes!', 'Air Conditioning*', 'BBQ/Picnic Area', 'Barbecue Area', 'Barbecue/Grill', 'Bike Storage', 'Cable Ready', 'Cardio Machines', 'Cats Allowed', 'Centrally Located', 'Controlled Access', 'Dog Wash Station', 'Double Pane Windows', 'Elevator', 'Fitness Center', 'Free Weights', 'Freezer', 'Gated', 'Grill', 'Heating', 'High Speed Internet Access', 'Ice Maker', 'Large Dogs Allowed', 'Maintenance on site', 'Modern Interiors', 'Online Resident Services', 'Online Services', 'Oven', 'Package Concierge', 'Package Service', 'Pet Washing Station', 'Picnic Area', 'Planned Social Activities', 'Property Manager on Site', 'Range', 'Recycling', 'Rooftop Decks', 'Rooftop Lounge', 'Smoke Free', 'Stainless Steel Appliances', 'Stainless Steel Appliances', 'Storage Units', 'Sundeck', 'Sweeping Views of Seattle', 'Tub/Shower', 'Views', 'Vinyl Flooring', 'Walk-In Closets', 'Walk-in Closets*', 'Washer/Dryer', 'Washer/Dryer', 'Weight Machines']","['Air Conditioning', 'Cable or Satellite TV', 'Dishwasher', 'Disposal', 'Dryer', 'Microwave', 'Refrigerator', 'View']",https://www.realtor.com/realestateandhomes-detail/6810-Roosevelt-Way-NE_Seattle_WA_98115_M14249-69959
17,Medora,Apartment,"6810 Roosevelt Way NE, Seattle, WA 98115",2017,1-bedroom,1.0,452.0,1505.0,4,8.25,2650.0,684990.0,"['*Select Homes', 'Air Conditioning in all Top Floor Homes!', 'Air Conditioning*', 'BBQ/Picnic Area', 'Barbecue Area', 'Barbecue/Grill', 'Bike Storage', 'Cable Ready', 'Cardio Machines', 'Cats Allowed', 'Centrally Located', 'Controlled Access', 'Dog Wash Station', 'Double Pane Windows', 'Elevator', 'Fitness Center', 'Free Weights', 'Freezer', 'Gated', 'Grill', 'Heating', 'High Speed Internet Access', 'Ice Maker', 'Large Dogs Allowed', 'Maintenance on site', 'Modern Interiors', 'Online Resident Services', 'Online Services', 'Oven', 'Package Concierge', 'Package Service', 'Pet Washing Station', 'Picnic Area', 'Planned Social Activities', 'Property Manager on Site', 'Range', 'Recycling', 'Rooftop Decks', 'Rooftop Lounge', 'Smoke Free', 'Stainless Steel Appliances', 'Stainless Steel Appliances', 'Storage Units', 'Sundeck', 'Sweeping Views of Seattle', 'Tub/Shower', 'Views', 'Vinyl Flooring', 'Walk-In Closets', 'Walk-in Closets*', 'Washer/Dryer', 'Washer/Dryer', 'Weight Machines']","['Air Conditioning', 'Cable or Satellite TV', 'Dishwasher', 'Disposal', 'Dryer', 'Microwave', 'Refrigerator', 'View']",https://www.realtor.com/realestateandhomes-detail/6810-Roosevelt-Way-NE_Seattle_WA_98115_M14249-69959
18,Medora,Apartment,"6810 Roosevelt Way NE, Seattle, WA 98115",2017,1-bedroom,1.0,664.0,1505.0,4,8.25,2650.0,684990.0,"['*Select Homes', 'Air Conditioning in all Top Floor Homes!', 'Air Conditioning*', 'BBQ/Picnic Area', 'Barbecue Area', 'Barbecue/Grill', 'Bike Storage', 'Cable Ready', 'Cardio Machines', 'Cats Allowed', 'Centrally Located', 'Controlled Access', 'Dog Wash Station', 'Double Pane Windows', 'Elevator', 'Fitness Center', 'Free Weights', 'Freezer', 'Gated', 'Grill', 'Heating', 'High Speed Internet Access', 'Ice Maker', 'Large Dogs Allowed', 'Maintenance on site', 'Modern Interiors', 'Online Resident Services', 'Online Services', 'Oven', 'Package Concierge', 'Package Service', 'Pet Washing Station', 'Picnic Area', 'Planned Social Activities', 'Property Manager on Site', 'Range', 'Recycling', 'Rooftop Decks', 'Rooftop Lounge', 'Smoke Free', 'Stainless Steel Appliances', 'Stainless Steel Appliances', 'Storage Units', 'Sundeck', 'Sweeping Views of Seattle', 'Tub/Shower', 'Views', 'Vinyl Flooring', 'Walk-In Closets', 'Walk-in Closets*', 'Washer/Dryer', 'Washer/Dryer', 'Weight Machines']","['Air Conditioning', 'Cable or Satellite TV', 'Dishwasher', 'Disposal', 'Dryer', 'Microwave', 'Refrigerator', 'View']",https://www.realtor.com/realestateandhomes-detail/6810-Roosevelt-Way-NE_Seattle_WA_98115_M14249-69959
19,Medora,Apartment,"6810 Roosevelt Way NE, Seattle, WA 98115",2017,2-bedroom,2.0,1007.0,2500.0,4,8.25,2650.0,684990.0,"['*Select Homes', 'Air Conditioning in all Top Floor Homes!', 'Air Conditioning*', 'BBQ/Picnic Area', 'Barbecue Area', 'Barbecue/Grill', 'Bike Storage', 'Cable Ready', 'Cardio Machines', 'Cats Allowed', 'Centrally Located', 'Controlled Access', 'Dog Wash Station', 'Double Pane Windows', 'Elevator', 'Fitness Center', 'Free Weights', 'Freezer', 'Gated', 'Grill', 'Heating', 'High Speed Internet Access', 'Ice Maker', 'Large Dogs Allowed', 'Maintenance on site', 'Modern Interiors', 'Online Resident Services', 'Online Services', 'Oven', 'Package Concierge', 'Package Service', 'Pet Washing Station', 'Picnic Area', 'Planned Social Activities', 'Property Manager on Site', 'Range', 'Recycling', 'Rooftop Decks', 'Rooftop Lounge', 'Smoke Free', 'Stainless Steel Appliances', 'Stainless Steel Appliances', 'Storage Units', 'Sundeck', 'Sweeping Views of Seattle', 'Tub/Shower', 'Views', 'Vinyl Flooring', 'Walk-In Closets', 'Walk-in Closets*', 'Washer/Dryer', 'Washer/Dryer', 'Weight Machines']","['Air Conditioning', 'Cable or Satellite TV', 'Dishwasher', 'Disposal', 'Dryer', 'Microwave', 'Refrigerator', 'View']",https://www.realtor.com/realestateandhomes-detail/6810-Roosevelt-Way-NE_Seattle_WA_98115_M14249-69959
20,Medora,Apartment,"6810 Roosevelt Way NE, Seattle, WA 98115",2017,2-bedroom,1.0,836.0,2400.0,4,8.25,2650.0,684990.0,"['*Select Homes', 'Air Conditioning in all Top Floor Homes!', 'Air Conditioning*', 'BBQ/Picnic Area', 'Barbecue Area', 'Barbecue/Grill', 'Bike Storage', 'Cable Ready', 'Cardio Machines', 'Cats Allowed', 'Centrally Located', 'Controlled Access', 'Dog Wash Station', 'Double Pane Windows', 'Elevator', 'Fitness Center', 'Free Weights', 'Freezer', 'Gated', 'Grill', 'Heating', 'High Speed Internet Access', 'Ice Maker', 'Large Dogs Allowed', 'Maintenance on site', 'Modern Interiors', 'Online Resident Services', 'Online Services', 'Oven', 'Package Concierge', 'Package Service', 'Pet Washing Station', 'Picnic Area', 'Planned Social Activities', 'Property Manager on Site', 'Range', 'Recycling', 'Rooftop Decks', 'Rooftop Lounge', 'Smoke Free', 'Stainless Steel Appliances', 'Stainless Steel Appliances', 'Storage Units', 'Sundeck', 'Sweeping Views of Seattle', 'Tub/Shower', 'Views', 'Vinyl Flooring', 'Walk-In Closets', 'Walk-in Closets*', 'Washer/Dryer', 'Washer/Dryer', 'Weight Machines']","['Air Conditioning', 'Cable or Satellite TV', 'Dishwasher', 'Disposal', 'Dryer', 'Microwave', 'Refrigerator', 'View']",https://www.realtor.com/realestateandhomes-detail/6810-Roosevelt-Way-NE_Seattle_WA_98115_M14249-69959
21,Medora,Apartment,"6810 Roosevelt Way NE, Seattle, WA 98115",2017,2-bedroom,2.0,1345.0,3400.0,4,8.25,2650.0,684990.0,"['*Select Homes', 'Air Conditioning in all Top Floor Homes!', 'Air Conditioning*', 'BBQ/Picnic Area', 'Barbecue Area', 'Barbecue/Grill', 'Bike Storage', 'Cable Ready', 'Cardio Machines', 'Cats Allowed', 'Centrally Located', 'Controlled Access', 'Dog Wash Station', 'Double Pane Windows', 'Elevator', 'Fitness Center', 'Free Weights', 'Freezer', 'Gated', 'Grill', 'Heating', 'High Speed Internet Access', 'Ice Maker', 'Large Dogs Allowed', 'Maintenance on site', 'Modern Interiors', 'Online Resident Services', 'Online Services', 'Oven', 'Package Concierge', 'Package Service', 'Pet Washing Station', 'Picnic Area', 'Planned Social Activities', 'Property Manager on Site', 'Range', 'Recycling', 'Rooftop Decks', 'Rooftop Lounge', 'Smoke Free', 'Stainless Steel Appliances', 'Stainless Steel Appliances', 'Storage Units', 'Sundeck', 'Sweeping Views of Seattle', 'Tub/Shower', 'Views', 'Vinyl Flooring', 'Walk-In Closets', 'Walk-in Closets*', 'Washer/Dryer', 'Washer/Dryer', 'Weight Machines']","['Air Conditioning', 'Cable or Satellite TV', 'Dishwasher', 'Disposal', 'Dryer', 'Microwave', 'Refrigerator', 'View']",https://www.realtor.com/realestateandhomes-detail/6810-Roosevelt-Way-NE_Seattle_WA_98115_M14249-69959
22,Medora,Apartment,"6810 Roosevelt Way NE, Seattle, WA 98115",2017,2-bedroom,1.0,814.0,1918.0,4,8.25,2650.0,684990.0,"['*Select Homes', 'Air Conditioning in all Top Floor Homes!', 'Air Conditioning*', 'BBQ/Picnic Area', 'Barbecue Area', 'Barbecue/Grill', 'Bike Storage', 'Cable Ready', 'Cardio Machines', 'Cats Allowed', 'Centrally Located', 'Controlled Access', 'Dog Wash Station', 'Double Pane Windows', 'Elevator', 'Fitness Center', 'Free Weights', 'Freezer', 'Gated', 'Grill', 'Heating', 'High Speed Internet Access', 'Ice Maker', 'Large Dogs Allowed', 'Maintenance on site', 'Modern Interiors', 'Online Resident Services', 'Online Services', 'Oven', 'Package Concierge', 'Package Service', 'Pet Washing Station', 'Picnic Area', 'Planned Social Activities', 'Property Manager on Site', 'Range', 'Recycling', 'Rooftop Decks', 'Rooftop Lounge', 'Smoke Free', 'Stainless Steel Appliances', 'Stainless Steel Appliances', 'Storage Units', 'Sundeck', 'Sweeping Views of Seattle', 'Tub/Shower', 'Views', 'Vinyl Flooring', 'Walk-In Closets', 'Walk-in Closets*', 'Washer/Dryer', 'Washer/Dryer', 'Weight Machines']","['Air Conditioning', 'Cable or Satellite TV', 'Dishwasher', 'Disposal', 'Dryer', 'Microwave', 'Refrigerator', 'View']",https://www.realtor.com/realestateandhomes-detail/6810-Roosevelt-Way-NE_Seattle_WA_98115_M14249-69959
23,,Apartment,"1539 NE 103rd St, Seattle, WA 98125",,studio,1.0,200.0,900.0,5,5.6,2650.0,684990.0,"['Laundry Facility', 'Parking']","['Air Conditioning', 'Dishwasher', 'Furnished Available', 'Patio/Balcony', 'Storage']",https://www.realtor.com/realestateandhomes-detail/1539-NE-103rd-St_Seattle_WA_98125_M17373-95700
24,,Single Family Home,"1205 NE 125th St, Seattle, WA 98125",,5-bedroom,3.0,2130.0,3500.0,4,6.0,2650.0,684990.0,"['Parking', '']","['Dishwasher', 'Fireplace', 'Garage', 'Patio/Balcony', 'Washer/Dryer in unit']",https://www.realtor.com/realestateandhomes-detail/1205-NE-125th-St_Seattle_WA_98125_M10749-86051
25,,Other,"1316 26th Ave S, Seattle, WA 98144",,3-bedroom,4.0,1490.0,2999.0,5,5.6,2650.0,684990.0,,,https://www.realtor.com/realestateandhomes-detail/1316-26th-Ave-S_Seattle_WA_98144_M20485-41648
26,Soren Apartments,Apartment,"5711 24th Ave NW, Seattle, WA 98107",2014,1-bedroom,1.0,884.0,2405.0,6,7.5,2650.0,684990.0,"['BBQ/Picnic Area', 'Balcony', 'Barbecue/Grill', 'Beautiful views of the Ballard area', 'Bike Storage', 'Cable Ready', 'Carpet', 'Cats Allowed', 'Ceiling Fans', 'Composting', 'Controlled Access', 'Courtesy Patrol', 'Deck', 'Den', 'Disposal Chutes', 'Dog walk area', 'Dogs Allowed', 'Double Pane Windows', 'Dry Cleaning Service', 'Elevator', 'Energy Star Certified', 'Extra Storage', 'Freezer', 'Granite Countertops', 'Hardwood Floors', 'Heating', 'High Speed Internet Access', 'Intercom', 'Island Kitchen', 'Kitchen', 'LEED Rating', 'Linen Closet', 'Loft Layout', 'Lounge', 'Maintenance on site', 'Online Services', 'Oven', 'Patio', 'Pet Play Area', 'Planned Social Activities', 'Pool', 'Property Manager on Site', 'Range', 'Recycling', 'Renters Insurance Program', 'Rooftop Lounge', 'Satellite TV', 'Security System', 'Smoke Free', 'Sprinkler System', 'Stainless Steel Appliances', 'Storage Units', 'Trash Compactor', 'Tub/Shower', 'Vaulted Ceiling', 'Views', 'Walk-In Closets', 'Washer/Dryer', 'Washer/Dryer', 'Wheelchair Accessible (Rooms)', 'Wi-Fi at Pool and Clubhouse']","['Cable or Satellite TV', 'Ceiling Fan', 'Disability Access', 'Dishwasher', 'Disposal', 'Dryer', 'Handrails', 'Microwave', 'Patio/Balcony', 'Refrigerator', 'View', 'Window Coverings']",https://www.realtor.com/realestateandhomes-detail/5711-24th-Ave-NW_Seattle_WA_98107_M11261-64509
27,Soren Apartments,Apartment,"5711 24th Ave NW, Seattle, WA 98107",2014,1-bedroom,1.0,539.0,1640.0,6,7.5,2650.0,684990.0,"['BBQ/Picnic Area', 'Balcony', 'Barbecue/Grill', 'Beautiful views of the Ballard area', 'Bike Storage', 'Cable Ready', 'Carpet', 'Cats Allowed', 'Ceiling Fans', 'Composting', 'Controlled Access', 'Courtesy Patrol', 'Deck', 'Den', 'Disposal Chutes', 'Dog walk area', 'Dogs Allowed', 'Double Pane Windows', 'Dry Cleaning Service', 'Elevator', 'Energy Star Certified', 'Extra Storage', 'Freezer', 'Granite Countertops', 'Hardwood Floors', 'Heating', 'High Speed Internet Access', 'Intercom', 'Island Kitchen', 'Kitchen', 'LEED Rating', 'Linen Closet', 'Loft Layout', 'Lounge', 'Maintenance on site', 'Online Services', 'Oven', 'Patio', 'Pet Play Area', 'Planned Social Activities', 'Pool', 'Property Manager on Site', 'Range', 'Recycling', 'Renters Insurance Program', 'Rooftop Lounge', 'Satellite TV', 'Security System', 'Smoke Free', 'Sprinkler System', 'Stainless Steel Appliances', 'Storage Units', 'Trash Compactor', 'Tub/Shower', 'Vaulted Ceiling', 'Views', 'Walk-In Closets', 'Washer/Dryer', 'Washer/Dryer', 'Wheelchair Accessible (Rooms)', 'Wi-Fi at Pool and Clubhouse']","['Cable or Satellite TV', 'Ceiling Fan', 'Disability Access', 'Dishwasher', 'Disposal', 'Dryer', 'Handrails', 'Microwave', 'Patio/Balcony', 'Refrigerator', 'View', 'Window Coverings']",https://www.realtor.com/realestateandhomes-detail/5711-24th-Ave-NW_Seattle_WA_98107_M11261-64509
28,Soren Apartments,Apartment,"5711 24th Ave NW, Seattle, WA 98107",2014,1-bedroom,1.0,510.0,1700.0,6,7.5,2650.0,684990.0,"['BBQ/Picnic Area', 'Balcony', 'Barbecue/Grill', 'Beautiful views of the Ballard area', 'Bike Storage', 'Cable Ready', 'Carpet', 'Cats Allowed', 'Ceiling Fans', 'Composting', 'Controlled Access', 'Courtesy Patrol', 'Deck', 'Den', 'Disposal Chutes', 'Dog walk area', 'Dogs Allowed', 'Double Pane Windows', 'Dry Cleaning Service', 'Elevator', 'Energy Star Certified', 'Extra Storage', 'Freezer', 'Granite Countertops', 'Hardwood Floors', 'Heating', 'High Speed Internet Access', 'Intercom', 'Island Kitchen', 'Kitchen', 'LEED Rating', 'Linen Closet', 'Loft Layout', 'Lounge', 'Maintenance on site', 'Online Services', 'Oven', 'Patio', 'Pet Play Area', 'Planned Social Activities', 'Pool', 'Property Manager on Site', 'Range', 'Recycling', 'Renters Insurance Program', 'Rooftop Lounge', 'Satellite TV', 'Security System', 'Smoke Free', 'Sprinkler System', 'Stainless Steel Appliances', 'Storage Units', 'Trash Compactor', 'Tub/Shower', 'Vaulted Ceiling', 'Views', 'Walk-In Closets', 'Washer/Dryer', 'Washer/Dryer', 'Wheelchair Accessible (Rooms)', 'Wi-Fi at Pool and Clubhouse']","['Cable or Satellite TV', 'Ceiling Fan', 'Disability Access', 'Dishwasher', 'Disposal', 'Dryer', 'Handrails', 'Microwave', 'Patio/Balcony', 'Refrigerator', 'View', 'Window Coverings']",https://www.realtor.com/realestateandhomes-detail/5711-24th-Ave-NW_Seattle_WA_98107_M11261-64509
29,Soren Apartments,Apartment,"5711 24th Ave NW, Seattle, WA 98107",2014,1-bedroom,1.0,544.0,1795.0,6,7.5,2650.0,684990.0,"['BBQ/Picnic Area', 'Balcony', 'Barbecue/Grill', 'Beautiful views of the Ballard area', 'Bike Storage', 'Cable Ready', 'Carpet', 'Cats Allowed', 'Ceiling Fans', 'Composting', 'Controlled Access', 'Courtesy Patrol', 'Deck', 'Den', 'Disposal Chutes', 'Dog walk area', 'Dogs Allowed', 'Double Pane Windows', 'Dry Cleaning Service', 'Elevator', 'Energy Star Certified', 'Extra Storage', 'Freezer', 'Granite Countertops', 'Hardwood Floors', 'Heating', 'High Speed Internet Access', 'Intercom', 'Island Kitchen', 'Kitchen', 'LEED Rating', 'Linen Closet', 'Loft Layout', 'Lounge', 'Maintenance on site', 'Online Services', 'Oven', 'Patio', 'Pet Play Area', 'Planned Social Activities', 'Pool', 'Property Manager on Site', 'Range', 'Recycling', 'Renters Insurance Program', 'Rooftop Lounge', 'Satellite TV', 'Security System', 'Smoke Free', 'Sprinkler System', 'Stainless Steel Appliances', 'Storage Units', 'Trash Compactor', 'Tub/Shower', 'Vaulted Ceiling', 'Views', 'Walk-In Closets', 'Washer/Dryer', 'Washer/Dryer', 'Wheelchair Accessible (Rooms)', 'Wi-Fi at Pool and Clubhouse']","['Cable or Satellite TV', 'Ceiling Fan', 'Disability Access', 'Dishwasher', 'Disposal', 'Dryer', 'Handrails', 'Microwave', 'Patio/Balcony', 'Refrigerator', 'View', 'Window Coverings']",https://www.realtor.com/realestateandhomes-detail/5711-24th-Ave-NW_Seattle_WA_98107_M11261-64509
30,Soren Apartments,Apartment,"5711 24th Ave NW, Seattle, WA 98107",2014,1-bedroom,1.0,626.0,1880.0,6,7.5,2650.0,684990.0,"['BBQ/Picnic Area', 'Balcony', 'Barbecue/Grill', 'Beautiful views of the Ballard area', 'Bike Storage', 'Cable Ready', 'Carpet', 'Cats Allowed', 'Ceiling Fans', 'Composting', 'Controlled Access', 'Courtesy Patrol', 'Deck', 'Den', 'Disposal Chutes', 'Dog walk area', 'Dogs Allowed', 'Double Pane Windows', 'Dry Cleaning Service', 'Elevator', 'Energy Star Certified', 'Extra Storage', 'Freezer', 'Granite Countertops', 'Hardwood Floors', 'Heating', 'High Speed Internet Access', 'Intercom', 'Island Kitchen', 'Kitchen', 'LEED Rating', 'Linen Closet', 'Loft Layout', 'Lounge', 'Maintenance on site', 'Online Services', 'Oven', 'Patio', 'Pet Play Area', 'Planned Social Activities', 'Pool', 'Property Manager on Site', 'Range', 'Recycling', 'Renters Insurance Program', 'Rooftop Lounge', 'Satellite TV', 'Security System', 'Smoke Free', 'Sprinkler System', 'Stainless Steel Appliances', 'Storage Units', 'Trash Compactor', 'Tub/Shower', 'Vaulted Ceiling', 'Views', 'Walk-In Closets', 'Washer/Dryer', 'Washer/Dryer', 'Wheelchair Accessible (Rooms)', 'Wi-Fi at Pool and Clubhouse']","['Cable or Satellite TV', 'Ceiling Fan', 'Disability Access', 'Dishwasher', 'Disposal', 'Dryer', 'Handrails', 'Microwave', 'Patio/Balcony', 'Refrigerator', 'View', 'Window Coverings']",https://www.realtor.com/realestateandhomes-detail/5711-24th-Ave-NW_Seattle_WA_98107_M11261-64509
31,,Single Family Home,"1470 NW 75th St, Seattle, WA 98117",,4-bedroom,1.0,1870.0,2895.0,5,7.8,2650.0,684990.0,,,https://www.realtor.com/realestateandhomes-detail/1470-NW-75th-St_Seattle_WA_98117_M11301-04826
32,,Other,"3826 NE 120th St, Seattle, WA 98125",,3-bedroom,2.0,1580.0,2850.0,6,5.83,2650.0,684990.0,,,https://www.realtor.com/realestateandhomes-detail/3826-NE-120th-St_Seattle_WA_98125_M11157-34877
33,,Apartment,"215 - 221 E. Louisa St. 215 221 E Louisa St, Seattle, WA 98102",,2-bedroom,1.0,960.0,2000.0,4,7.5,2650.0,684990.0,"['Cats Allowed', '']",,https://www.realtor.com/realestateandhomes-detail/215-221-E-Louisa-St_Seattle_WA_98102_M29018-07521
34,,Single Family Home,"9408 35th Ave SW Unit B, Seattle, WA 98126",,2-bedroom,,976.0,1995.0,5,4.0,2650.0,684990.0,,Pets OK,https://www.realtor.com/realestateandhomes-detail/9408-35th-Ave-SW-Unit-B_Seattle_WA_98126_M12308-53898
35,,Apartment,"3076 63rd Ave SW 3076 63rd Ave SW, Seattle, WA 98116",,2-bedroom,1.0,970.0,1895.0,5,7.0,2650.0,684990.0,"['Cats Allowed', '']",,https://www.realtor.com/realestateandhomes-detail/3076-63rd-Ave-SW_Seattle_WA_98116_M13633-97850
36,,Apartment,"619 Comstock St #A-D 619 Comstock St # A-D, Seattle, WA 98109",,1-bedroom,1.0,500.0,1195.0,5,8.0,2650.0,684990.0,,,https://www.realtor.com/realestateandhomes-detail/619-Comstock-St-AD_Seattle_WA_98109_M25627-49747
37,Mad Flats,Apartment,"1523 E Madison St, Seattle, WA 98122",2016,studio,1.0,233.0,1375.0,5,3.8,2650.0,684990.0,"['BBQ/Picnic Area', 'Cats Allowed', 'Elevator', 'Gated', 'Grill', 'Heating', 'High Speed Internet Access', 'Kitchen', 'Large Dogs Allowed', 'Laundry Facilities', 'Loft Layout', 'Online Services', 'Premiere Thai Eatery', 'Range', 'Recycling', 'Renters Insurance Program', 'Rooftop Lounge', 'Rooftop deck', 'Wheelchair Accessible (Rooms)', 'bike storage']","['Air Conditioning', 'Disability Access']",https://www.realtor.com/realestateandhomes-detail/1523-E-Madison-St_Seattle_WA_98122_M21260-70032
38,Mad Flats,Apartment,"1523 E Madison St, Seattle, WA 98122",2016,1-bedroom,1.0,311.0,1425.0,5,3.8,2650.0,684990.0,"['BBQ/Picnic Area', 'Cats Allowed', 'Elevator', 'Gated', 'Grill', 'Heating', 'High Speed Internet Access', 'Kitchen', 'Large Dogs Allowed', 'Laundry Facilities', 'Loft Layout', 'Online Services', 'Premiere Thai Eatery', 'Range', 'Recycling', 'Renters Insurance Program', 'Rooftop Lounge', 'Rooftop deck', 'Wheelchair Accessible (Rooms)', 'bike storage']","['Air Conditioning', 'Disability Access']",https://www.realtor.com/realestateandhomes-detail/1523-E-Madison-St_Seattle_WA_98122_M21260-70032
39,Mad Flats,Apartment,"1523 E Madison St, Seattle, WA 98122",2016,1-bedroom,1.0,358.0,1425.0,5,3.8,2650.0,684990.0,"['BBQ/Picnic Area', 'Cats Allowed', 'Elevator', 'Gated', 'Grill', 'Heating', 'High Speed Internet Access', 'Kitchen', 'Large Dogs Allowed', 'Laundry Facilities', 'Loft Layout', 'Online Services', 'Premiere Thai Eatery', 'Range', 'Recycling', 'Renters Insurance Program', 'Rooftop Lounge', 'Rooftop deck', 'Wheelchair Accessible (Rooms)', 'bike storage']","['Air Conditioning', 'Disability Access']",https://www.realtor.com/realestateandhomes-detail/1523-E-Madison-St_Seattle_WA_98122_M21260-70032
40,,Apartment,"6041 California Ave SW 6041 California Ave SW, Seattle, WA 98136",1990,1-bedroom,1.0,795.0,1895.0,5,6.0,2650.0,684990.0,"['Cats Allowed', '']",,https://www.realtor.com/realestateandhomes-detail/6041-California-Ave-SW_Seattle_WA_98136_M20026-62901
41,,Apartment,"6041 California Ave SW 6041 California Ave SW, Seattle, WA 98136",1990,2-bedroom,2.0,1153.0,2500.0,5,6.0,2650.0,684990.0,"['Cats Allowed', '']",,https://www.realtor.com/realestateandhomes-detail/6041-California-Ave-SW_Seattle_WA_98136_M20026-62901
42,,Single Family Home,"524 6th Ave W Apt 106, Seattle, WA 98119",,1-bedroom,1.0,500.0,1650.0,4,8.5,2650.0,684990.0,,,https://www.realtor.com/realestateandhomes-detail/524-6th-Ave-W-Apt-106_Seattle_WA_98119_M10729-15789
43,,Single Family Home,"4547 8th Ave NE Apt 409, Seattle, WA 98105",,0-bedroom,1.0,418.0,1495.0,5,8.0,2650.0,684990.0,,Pets OK,https://www.realtor.com/realestateandhomes-detail/4547-8th-Ave-NE-Apt-409_Seattle_WA_98105_M25391-21521
44,,Apartment,"8830 Nesbit Ave N 8830 Nesbit Ave N, Seattle, WA 98103",,2-bedroom,1.0,750.0,1350.0,3,6.0,2650.0,684990.0,"['Cats Allowed', '']",,https://www.realtor.com/realestateandhomes-detail/8830-Nesbit-Ave-N_Seattle_WA_98103_M20121-96684
45,Crane Apartments,Apartment,"3200 16th Ave W, Seattle, WA 98119",2018,1-bedroom,1.0,653.0,1795.0,5,8.4,2650.0,684990.0,"['Accent Walls', 'Barbecue/Grill', 'Bike Storage', 'Bilingual', 'Cable Ready', 'Carpet', 'Cats Allowed', 'Ceiling Fans', 'Clubhouse', 'Composting', 'Covered Patio Off The Club Room', 'Deck', 'Dining Room', 'Dogs Allowed', 'Double Pane Windows', 'Dry Cleaning Service', 'Elevator', 'Freezer', 'Grill', 'Heating', 'Instant Hot Water', 'Intercom', 'Island Kitchen', 'Kitchen', 'LEED Rating', 'Lounge', 'Online Resident Services', 'Online Services', 'Oven', 'Package Service', 'Planned Social Activities', 'Property Manager on Site', 'Range', 'Recycling', 'Rooftop Lounge', 'Satellite TV', 'Smoke Free', 'Sprinkler System', 'Stainless Steel Appliances', 'Sundeck', 'Surround Sound', 'Tub/Shower', 'Two Story Lobby', 'Video Patrol', 'Walk-In Closets', 'Washer/Dryer', '•\tIconic Architecture.', '•\tIntimate Club Room', '•\tLEED Gold Design And Construction', '•\tLarge Art Installations.', '•\tLarge Roof Deck With BBQ/Sink/FirePit', '•\tRoof Top Dog Walk Area']","['Air Conditioning', 'Cable or Satellite TV', 'Ceiling Fan', 'Dishwasher', 'Disposal', 'Dryer', 'Microwave', 'Patio/Balcony', 'Refrigerator']",https://www.realtor.com/realestateandhomes-detail/3200-16th-Ave-W_Seattle_WA_98119_M21037-70477
46,Crane Apartments,Apartment,"3200 16th Ave W, Seattle, WA 98119",2018,1-bedroom,1.0,534.0,1895.0,5,8.4,2650.0,684990.0,"['Accent Walls', 'Barbecue/Grill', 'Bike Storage', 'Bilingual', 'Cable Ready', 'Carpet', 'Cats Allowed', 'Ceiling Fans', 'Clubhouse', 'Composting', 'Covered Patio Off The Club Room', 'Deck', 'Dining Room', 'Dogs Allowed', 'Double Pane Windows', 'Dry Cleaning Service', 'Elevator', 'Freezer', 'Grill', 'Heating', 'Instant Hot Water', 'Intercom', 'Island Kitchen', 'Kitchen', 'LEED Rating', 'Lounge', 'Online Resident Services', 'Online Services', 'Oven', 'Package Service', 'Planned Social Activities', 'Property Manager on Site', 'Range', 'Recycling', 'Rooftop Lounge', 'Satellite TV', 'Smoke Free', 'Sprinkler System', 'Stainless Steel Appliances', 'Sundeck', 'Surround Sound', 'Tub/Shower', 'Two Story Lobby', 'Video Patrol', 'Walk-In Closets', 'Washer/Dryer', '•\tIconic Architecture.', '•\tIntimate Club Room', '•\tLEED Gold Design And Construction', '•\tLarge Art Installations.', '•\tLarge Roof Deck With BBQ/Sink/FirePit', '•\tRoof Top Dog Walk Area']","['Air Conditioning', 'Cable or Satellite TV', 'Ceiling Fan', 'Dishwasher', 'Disposal', 'Dryer', 'Microwave', 'Patio/Balcony', 'Refrigerator']",https://www.realtor.com/realestateandhomes-detail/3200-16th-Ave-W_Seattle_WA_98119_M21037-70477
47,Crane Apartments,Apartment,"3200 16th Ave W, Seattle, WA 98119",2018,1-bedroom,1.0,750.0,1995.0,5,8.4,2650.0,684990.0,"['Accent Walls', 'Barbecue/Grill', 'Bike Storage', 'Bilingual', 'Cable Ready', 'Carpet', 'Cats Allowed', 'Ceiling Fans', 'Clubhouse', 'Composting', 'Covered Patio Off The Club Room', 'Deck', 'Dining Room', 'Dogs Allowed', 'Double Pane Windows', 'Dry Cleaning Service', 'Elevator', 'Freezer', 'Grill', 'Heating', 'Instant Hot Water', 'Intercom', 'Island Kitchen', 'Kitchen', 'LEED Rating', 'Lounge', 'Online Resident Services', 'Online Services', 'Oven', 'Package Service', 'Planned Social Activities', 'Property Manager on Site', 'Range', 'Recycling', 'Rooftop Lounge', 'Satellite TV', 'Smoke Free', 'Sprinkler System', 'Stainless Steel Appliances', 'Sundeck', 'Surround Sound', 'Tub/Shower', 'Two Story Lobby', 'Video Patrol', 'Walk-In Closets', 'Washer/Dryer', '•\tIconic Architecture.', '•\tIntimate Club Room', '•\tLEED Gold Design And Construction', '•\tLarge Art Installations.', '•\tLarge Roof Deck With BBQ/Sink/FirePit', '•\tRoof Top Dog Walk Area']","['Air Conditioning', 'Cable or Satellite TV', 'Ceiling Fan', 'Dishwasher', 'Disposal', 'Dryer', 'Microwave', 'Patio/Balcony', 'Refrigerator']",https://www.realtor.com/realestateandhomes-detail/3200-16th-Ave-W_Seattle_WA_98119_M21037-70477
48,Crane Apartments,Apartment,"3200 16th Ave W, Seattle, WA 98119",2018,1-bedroom,1.0,716.0,1995.0,5,8.4,2650.0,684990.0,"['Accent Walls', 'Barbecue/Grill', 'Bike Storage', 'Bilingual', 'Cable Ready', 'Carpet', 'Cats Allowed', 'Ceiling Fans', 'Clubhouse', 'Composting', 'Covered Patio Off The Club Room', 'Deck', 'Dining Room', 'Dogs Allowed', 'Double Pane Windows', 'Dry Cleaning Service', 'Elevator', 'Freezer', 'Grill', 'Heating', 'Instant Hot Water', 'Intercom', 'Island Kitchen', 'Kitchen', 'LEED Rating', 'Lounge', 'Online Resident Services', 'Online Services', 'Oven', 'Package Service', 'Planned Social Activities', 'Property Manager on Site', 'Range', 'Recycling', 'Rooftop Lounge', 'Satellite TV', 'Smoke Free', 'Sprinkler System', 'Stainless Steel Appliances', 'Sundeck', 'Surround Sound', 'Tub/Shower', 'Two Story Lobby', 'Video Patrol', 'Walk-In Closets', 'Washer/Dryer', '•\tIconic Architecture.', '•\tIntimate Club Room', '•\tLEED Gold Design And Construction', '•\tLarge Art Installations.', '•\tLarge Roof Deck With BBQ/Sink/FirePit', '•\tRoof Top Dog Walk Area']","['Air Conditioning', 'Cable or Satellite TV', 'Ceiling Fan', 'Dishwasher', 'Disposal', 'Dryer', 'Microwave', 'Patio/Balcony', 'Refrigerator']",https://www.realtor.com/realestateandhomes-detail/3200-16th-Ave-W_Seattle_WA_98119_M21037-70477
49,,Single Family Home,"8202 19th Ave NE, Seattle, WA 98115",,3-bedroom,2.0,2060.0,3395.0,5,7.2,2650.0,684990.0,,,https://www.realtor.com/realestateandhomes-detail/8202-19th-Ave-NE_Seattle_WA_98115_M11102-16888
50,,Apartment,"8th + Republican 430 Eighth Ave N, Seattle, WA 98109",2016,studio,1.0,730.0,2072.0,3,6.0,2650.0,684990.0,"['Balcony', 'Cats Allowed', 'Conference Room', 'Dogs Allowed', 'Elevator', 'Fitness Center', 'Free Weights', 'Gated', 'Lounge', 'Patio', 'Range', 'Storage Space', 'Vinyl Flooring', 'Washer/Dryer']","['Dishwasher', 'Disposal', 'Dryer', 'Microwave', 'Patio/Balcony', 'Refrigerator']",https://www.realtor.com/realestateandhomes-detail/430-8th-Ave-N_Seattle_WA_98109_M19124-57676
51,,Apartment,"8th + Republican 430 Eighth Ave N, Seattle, WA 98109",2016,studio,1.0,575.0,1832.0,3,6.0,2650.0,684990.0,"['Balcony', 'Cats Allowed', 'Conference Room', 'Dogs Allowed', 'Elevator', 'Fitness Center', 'Free Weights', 'Gated', 'Lounge', 'Patio', 'Range', 'Storage Space', 'Vinyl Flooring', 'Washer/Dryer']","['Dishwasher', 'Disposal', 'Dryer', 'Microwave', 'Patio/Balcony', 'Refrigerator']",https://www.realtor.com/realestateandhomes-detail/430-8th-Ave-N_Seattle_WA_98109_M19124-57676
52,,Apartment,"8th + Republican 430 Eighth Ave N, Seattle, WA 98109",2016,1-bedroom,1.0,825.0,1982.0,3,6.0,2650.0,684990.0,"['Balcony', 'Cats Allowed', 'Conference Room', 'Dogs Allowed', 'Elevator', 'Fitness Center', 'Free Weights', 'Gated', 'Lounge', 'Patio', 'Range', 'Storage Space', 'Vinyl Flooring', 'Washer/Dryer']","['Dishwasher', 'Disposal', 'Dryer', 'Microwave', 'Patio/Balcony', 'Refrigerator']",https://www.realtor.com/realestateandhomes-detail/430-8th-Ave-N_Seattle_WA_98109_M19124-57676
53,,Apartment,"8th + Republican 430 Eighth Ave N, Seattle, WA 98109",2016,1-bedroom,1.0,603.0,1880.0,3,6.0,2650.0,684990.0,"['Balcony', 'Cats Allowed', 'Conference Room', 'Dogs Allowed', 'Elevator', 'Fitness Center', 'Free Weights', 'Gated', 'Lounge', 'Patio', 'Range', 'Storage Space', 'Vinyl Flooring', 'Washer/Dryer']","['Dishwasher', 'Disposal', 'Dryer', 'Microwave', 'Patio/Balcony', 'Refrigerator']",https://www.realtor.com/realestateandhomes-detail/430-8th-Ave-N_Seattle_WA_98109_M19124-57676
54,,Apartment,"8th + Republican 430 Eighth Ave N, Seattle, WA 98109",2016,1-bedroom,1.0,752.0,2224.0,3,6.0,2650.0,684990.0,"['Balcony', 'Cats Allowed', 'Conference Room', 'Dogs Allowed', 'Elevator', 'Fitness Center', 'Free Weights', 'Gated', 'Lounge', 'Patio', 'Range', 'Storage Space', 'Vinyl Flooring', 'Washer/Dryer']","['Dishwasher', 'Disposal', 'Dryer', 'Microwave', 'Patio/Balcony', 'Refrigerator']",https://www.realtor.com/realestateandhomes-detail/430-8th-Ave-N_Seattle_WA_98109_M19124-57676
55,,Apartment,"8th + Republican 430 Eighth Ave N, Seattle, WA 98109",2016,1-bedroom,1.0,707.0,2199.0,3,6.0,2650.0,684990.0,"['Balcony', 'Cats Allowed', 'Conference Room', 'Dogs Allowed', 'Elevator', 'Fitness Center', 'Free Weights', 'Gated', 'Lounge', 'Patio', 'Range', 'Storage Space', 'Vinyl Flooring', 'Washer/Dryer']","['Dishwasher', 'Disposal', 'Dryer', 'Microwave', 'Patio/Balcony', 'Refrigerator']",https://www.realtor.com/realestateandhomes-detail/430-8th-Ave-N_Seattle_WA_98109_M19124-57676
56,,Apartment,"8th + Republican 430 Eighth Ave N, Seattle, WA 98109",2016,1-bedroom,1.0,684.0,1994.0,3,6.0,2650.0,684990.0,"['Balcony', 'Cats Allowed', 'Conference Room', 'Dogs Allowed', 'Elevator', 'Fitness Center', 'Free Weights', 'Gated', 'Lounge', 'Patio', 'Range', 'Storage Space', 'Vinyl Flooring', 'Washer/Dryer']","['Dishwasher', 'Disposal', 'Dryer', 'Microwave', 'Patio/Balcony', 'Refrigerator']",https://www.realtor.com/realestateandhomes-detail/430-8th-Ave-N_Seattle_WA_98109_M19124-57676
57,,Apartment,"8th + Republican 430 Eighth Ave N, Seattle, WA 98109",2016,2-bedroom,1.0,1025.0,2867.0,3,6.0,2650.0,684990.0,"['Balcony', 'Cats Allowed', 'Conference Room', 'Dogs Allowed', 'Elevator', 'Fitness Center', 'Free Weights', 'Gated', 'Lounge', 'Patio', 'Range', 'Storage Space', 'Vinyl Flooring', 'Washer/Dryer']","['Dishwasher', 'Disposal', 'Dryer', 'Microwave', 'Patio/Balcony', 'Refrigerator']",https://www.realtor.com/realestateandhomes-detail/430-8th-Ave-N_Seattle_WA_98109_M19124-57676
58,,Apartment,"8th + Republican 430 Eighth Ave N, Seattle, WA 98109",2016,2-bedroom,2.0,968.0,2819.0,3,6.0,2650.0,684990.0,"['Balcony', 'Cats Allowed', 'Conference Room', 'Dogs Allowed', 'Elevator', 'Fitness Center', 'Free Weights', 'Gated', 'Lounge', 'Patio', 'Range', 'Storage Space', 'Vinyl Flooring', 'Washer/Dryer']","['Dishwasher', 'Disposal', 'Dryer', 'Microwave', 'Patio/Balcony', 'Refrigerator']",https://www.realtor.com/realestateandhomes-detail/430-8th-Ave-N_Seattle_WA_98109_M19124-57676
59,Citywalk Apartments,Apartment,"1130 N 115th St, Seattle, WA 98133",1987,1-bedroom,1.0,735.0,1478.0,4,4.25,2650.0,684990.0,"['24 Hour Availability', 'Balcony', 'Basketball Court', 'Bay Windows', 'Cats Allowed', 'Ceiling Fans', 'Close to Public Transit', 'Clubhouse', 'Clubhouse', 'Courtesy Patrol', 'Dogs Allowed', 'Easy Access to Freeways', 'Gated', 'Heating', 'Indoor/Outdoor Pool', 'Maintenance on site', 'Online Services', 'Package Service', 'Patio', 'Planned Social Activities', 'Playground', 'Pool', 'Private Entrance*', 'Property Manager on Site', 'Spa', 'Spa', 'Storage Space', 'Sundeck', 'Walk-In Closets', 'Washer/Dryer', 'Washer/Dryer', 'Wood-burning Fireplace']","['Ceiling Fan', 'Dishwasher', 'Disposal', 'Dryer', 'Fireplace', 'Microwave', 'Patio/Balcony', 'Refrigerator']",https://www.realtor.com/realestateandhomes-detail/1130-N-115th-St_Seattle_WA_98133_M18759-44420
60,Citywalk Apartments,Apartment,"1130 N 115th St, Seattle, WA 98133",1987,2-bedroom,1.0,955.0,1739.0,4,4.25,2650.0,684990.0,"['24 Hour Availability', 'Balcony', 'Basketball Court', 'Bay Windows', 'Cats Allowed', 'Ceiling Fans', 'Close to Public Transit', 'Clubhouse', 'Clubhouse', 'Courtesy Patrol', 'Dogs Allowed', 'Easy Access to Freeways', 'Gated', 'Heating', 'Indoor/Outdoor Pool', 'Maintenance on site', 'Online Services', 'Package Service', 'Patio', 'Planned Social Activities', 'Playground', 'Pool', 'Private Entrance*', 'Property Manager on Site', 'Spa', 'Spa', 'Storage Space', 'Sundeck', 'Walk-In Closets', 'Washer/Dryer', 'Washer/Dryer', 'Wood-burning Fireplace']","['Ceiling Fan', 'Dishwasher', 'Disposal', 'Dryer', 'Fireplace', 'Microwave', 'Patio/Balcony', 'Refrigerator']",https://www.realtor.com/realestateandhomes-detail/1130-N-115th-St_Seattle_WA_98133_M18759-44420
61,Citywalk Apartments,Apartment,"1130 N 115th St, Seattle, WA 98133",1987,2-bedroom,2.0,1005.0,1919.0,4,4.25,2650.0,684990.0,"['24 Hour Availability', 'Balcony', 'Basketball Court', 'Bay Windows', 'Cats Allowed', 'Ceiling Fans', 'Close to Public Transit', 'Clubhouse', 'Clubhouse', 'Courtesy Patrol', 'Dogs Allowed', 'Easy Access to Freeways', 'Gated', 'Heating', 'Indoor/Outdoor Pool', 'Maintenance on site', 'Online Services', 'Package Service', 'Patio', 'Planned Social Activities', 'Playground', 'Pool', 'Private Entrance*', 'Property Manager on Site', 'Spa', 'Spa', 'Storage Space', 'Sundeck', 'Walk-In Closets', 'Washer/Dryer', 'Washer/Dryer', 'Wood-burning Fireplace']","['Ceiling Fan', 'Dishwasher', 'Disposal', 'Dryer', 'Fireplace', 'Microwave', 'Patio/Balcony', 'Refrigerator']",https://www.realtor.com/realestateandhomes-detail/1130-N-115th-St_Seattle_WA_98133_M18759-44420
62,,Apartment,"7th Ave Place 4229 7th Ave NE, Seattle, WA 98105",2017,studio,1.0,255.0,1295.0,5,8.0,2650.0,684990.0,"['2 Burner Cooktops', 'Bike Storage', 'Cable Ready', 'Freeway Access', 'Freezer', 'Heating', 'Large Windows', 'Laundry Room', 'Modern Finishes', 'Online Resident Services', 'Online Services', 'Private Bathroom', 'Private Entrance', 'Public Transportation', 'Quartz Countertops', 'Recycling', 'Secure Access', 'Smoke Free', 'Stainless Steel Appliances', 'Storage Unit Rental', 'Tub/Shower', 'Vaulted Ceiling', 'Walk To Campus', 'Wheelchair Accessible (Rooms)']","['Cable or Satellite TV', 'Disability Access', 'Microwave', 'Refrigerator']",https://www.realtor.com/realestateandhomes-detail/4229-7th-Ave-NE_Seattle_WA_98105_M13499-66365
63,,Condo/Townhome/Row Home/Co-Op,"5008 17th Ave NE # 5, Seattle, WA 98105",,1-bedroom,1.0,95.0,575.0,5,8.0,2650.0,684990.0,"['Laundry Facility', 'Parking']","['Fireplace', 'Furnished Available', 'Hardwood Floors', 'Large Closets', 'Storage']",https://www.realtor.com/realestateandhomes-detail/5008-17th-Ave-NE-5_Seattle_WA_98105_M28317-89706
64,,Apartment,"1126 N 90th St 1126 N 90th St, Seattle, WA 98103",2016,1-bedroom,1.0,567.0,1550.0,3,6.0,2650.0,684990.0,,,https://www.realtor.com/realestateandhomes-detail/1126-N-90th-St_Seattle_WA_98103_M10656-20224
65,,Apartment,"1126 N 90th St 1126 N 90th St, Seattle, WA 98103",2016,1-bedroom,1.0,610.0,1440.0,3,6.0,2650.0,684990.0,,,https://www.realtor.com/realestateandhomes-detail/1126-N-90th-St_Seattle_WA_98103_M10656-20224
66,,Apartment,"1126 N 90th St 1126 N 90th St, Seattle, WA 98103",2016,1-bedroom,1.0,567.0,1440.0,3,6.0,2650.0,684990.0,,,https://www.realtor.com/realestateandhomes-detail/1126-N-90th-St_Seattle_WA_98103_M10656-20224
67,,Single Family Home,"4516 Dayton Ave N, Seattle, WA 98103",,2-bedroom,1.0,820.0,2195.0,6,8.33,2650.0,684990.0,,Pets OK,https://www.realtor.com/realestateandhomes-detail/4516-Dayton-Ave-N_Seattle_WA_98103_M18571-73147
68,,Apartment,"2522 NE 195th St 2522 NE 195th St, Lake Forest Park, WA 98155",,2-bedroom,2.0,1108.0,1295.0,4,5.75,2495.0,650000.0,"['Cats Allowed', '']",,https://www.realtor.com/realestateandhomes-detail/2522-NE-195th-St_Lake-Forest-Park_WA_98155_M10995-16486
69,,Apartment,"3028 1st Ave Unit 601, Seattle, WA 98121",,studio,1.0,600.0,3495.0,4,6.75,2650.0,684990.0,"['Cats Allowed', 'Dogs Allowed', 'Laundry Facility', 'Parking']","['Air Conditioning', 'Furnished Available']",https://www.realtor.com/realestateandhomes-detail/3028-1st-Ave-Unit-601_Seattle_WA_98121_M25940-85850
70,The Bay Club Apartments,Apartment,"2701 S 224th St, Des Moines, WA 98198",1987,1-bedroom,1.0,637.0,1175.0,4,2.75,,,"['Balcony', 'Cable Ready', 'Cats Allowed', 'Ceiling Fans', 'Clubhouse', 'Courtesy Patrol', 'Deck', 'Dining Room', 'Fitness Center', 'Heating', 'High Speed Internet Access', 'Kitchen', 'Large Dogs Allowed', 'Laundry Facilities', 'Laundry Service', 'Maintenance on site', 'Package Service', 'Pet Play Area', 'Pool', 'Property Manager on Site', 'Range', 'Sauna', 'Smoke Free', 'Tub/Shower', 'Washer/Dryer']","['Cable or Satellite TV', 'Ceiling Fan', 'Courtyard', 'Dishwasher', 'Disposal', 'Dryer', 'Fireplace', 'Patio/Balcony', 'Refrigerator']",https://www.realtor.com/realestateandhomes-detail/2701-S-224th-St_Des-Moines_WA_98198_M18534-73057
71,The Bay Club Apartments,Apartment,"2701 S 224th St, Des Moines, WA 98198",1987,2-bedroom,2.0,970.0,1565.0,4,2.75,,,"['Balcony', 'Cable Ready', 'Cats Allowed', 'Ceiling Fans', 'Clubhouse', 'Courtesy Patrol', 'Deck', 'Dining Room', 'Fitness Center', 'Heating', 'High Speed Internet Access', 'Kitchen', 'Large Dogs Allowed', 'Laundry Facilities', 'Laundry Service', 'Maintenance on site', 'Package Service', 'Pet Play Area', 'Pool', 'Property Manager on Site', 'Range', 'Sauna', 'Smoke Free', 'Tub/Shower', 'Washer/Dryer']","['Cable or Satellite TV', 'Ceiling Fan', 'Courtyard', 'Dishwasher', 'Disposal', 'Dryer', 'Fireplace', 'Patio/Balcony', 'Refrigerator']",https://www.realtor.com/realestateandhomes-detail/2701-S-224th-St_Des-Moines_WA_98198_M18534-73057
72,The Bay Club Apartments,Apartment,"2701 S 224th St, Des Moines, WA 98198",1987,2-bedroom,1.0,913.0,1460.0,4,2.75,,,"['Balcony', 'Cable Ready', 'Cats Allowed', 'Ceiling Fans', 'Clubhouse', 'Courtesy Patrol', 'Deck', 'Dining Room', 'Fitness Center', 'Heating', 'High Speed Internet Access', 'Kitchen', 'Large Dogs Allowed', 'Laundry Facilities', 'Laundry Service', 'Maintenance on site', 'Package Service', 'Pet Play Area', 'Pool', 'Property Manager on Site', 'Range', 'Sauna', 'Smoke Free', 'Tub/Shower', 'Washer/Dryer']","['Cable or Satellite TV', 'Ceiling Fan', 'Courtyard', 'Dishwasher', 'Disposal', 'Dryer', 'Fireplace', 'Patio/Balcony', 'Refrigerator']",https://www.realtor.com/realestateandhomes-detail/2701-S-224th-St_Des-Moines_WA_98198_M18534-73057
73,The Bay Club Apartments,Apartment,"2701 S 224th St, Des Moines, WA 98198",1987,2-bedroom,1.0,862.0,1460.0,4,2.75,,,"['Balcony', 'Cable Ready', 'Cats Allowed', 'Ceiling Fans', 'Clubhouse', 'Courtesy Patrol', 'Deck', 'Dining Room', 'Fitness Center', 'Heating', 'High Speed Internet Access', 'Kitchen', 'Large Dogs Allowed', 'Laundry Facilities', 'Laundry Service', 'Maintenance on site', 'Package Service', 'Pet Play Area', 'Pool', 'Property Manager on Site', 'Range', 'Sauna', 'Smoke Free', 'Tub/Shower', 'Washer/Dryer']","['Cable or Satellite TV', 'Ceiling Fan', 'Courtyard', 'Dishwasher', 'Disposal', 'Dryer', 'Fireplace', 'Patio/Balcony', 'Refrigerator']",https://www.realtor.com/realestateandhomes-detail/2701-S-224th-St_Des-Moines_WA_98198_M18534-73057
74,,Single Family Home,"12522 20th Ave NE, Seattle, WA 98125",,3-bedroom,1.0,,2200.0,5,5.8,2650.0,684990.0,,,https://www.realtor.com/realestateandhomes-detail/12522-20th-Ave-NE_Seattle_WA_98125_M19458-55972
75,,Single Family Home,"3436 13th Ave W, Seattle, WA 98119",,3-bedroom,,1660.0,2495.0,5,8.4,2650.0,684990.0,,Pets OK,https://www.realtor.com/realestateandhomes-detail/3436-13th-Ave-W_Seattle_WA_98119_M26222-95803
76,,Condo/Townhome/Row Home/Co-Op,"6215 22nd Ave NW, Seattle, WA 98107",,3-bedroom,2.0,1620.0,3900.0,6,7.5,2650.0,684990.0,"['Parking', '']","['Air Conditioning', 'Dishwasher', 'Hardwood Floors', 'Large Closets', 'Patio/Balcony', 'Storage', 'Washer/Dryer in unit']",https://www.realtor.com/realestateandhomes-detail/6215-22nd-Ave-NW_Seattle_WA_98107_M28153-55425
77,Cottage Woods,Apartment,"4025 Southcenter Blvd, Tukwila, WA 98188",1989,1-bedroom,1.0,770.0,1245.0,5,3.0,2495.0,449000.0,"['24 Hour Availability', 'Balcony', 'Cable Ready', 'Carpet', 'Close to Tukwila Light Rail Station', 'Deck', 'Dining Room', 'Double Pane Windows', 'Eat-in Kitchen', 'Heating', 'High Speed Internet Access', 'Island Kitchen', 'Kitchen', 'Lawn', 'Linen Closet', 'Maintenance on site', 'Online Services', 'Oven', 'Package Service', 'Patio', 'Property Manager on Site', 'Range', 'Recycling', 'Smoke Free', 'Storage Units', 'Tub/Shower', 'Vaulted Ceiling', 'Vinyl Flooring', 'Walk-In Closets', 'Washer/Dryer']","['Cable or Satellite TV', 'Dishwasher', 'Disposal', 'Dryer', 'Fireplace', 'Patio/Balcony', 'Refrigerator', 'Window Coverings']",https://www.realtor.com/realestateandhomes-detail/4025-Southcenter-Blvd_Tukwila_WA_98188_M15237-43997
78,Cottage Woods,Apartment,"4025 Southcenter Blvd, Tukwila, WA 98188",1989,2-bedroom,1.0,978.0,1395.0,5,3.0,2495.0,449000.0,"['24 Hour Availability', 'Balcony', 'Cable Ready', 'Carpet', 'Close to Tukwila Light Rail Station', 'Deck', 'Dining Room', 'Double Pane Windows', 'Eat-in Kitchen', 'Heating', 'High Speed Internet Access', 'Island Kitchen', 'Kitchen', 'Lawn', 'Linen Closet', 'Maintenance on site', 'Online Services', 'Oven', 'Package Service', 'Patio', 'Property Manager on Site', 'Range', 'Recycling', 'Smoke Free', 'Storage Units', 'Tub/Shower', 'Vaulted Ceiling', 'Vinyl Flooring', 'Walk-In Closets', 'Washer/Dryer']","['Cable or Satellite TV', 'Dishwasher', 'Disposal', 'Dryer', 'Fireplace', 'Patio/Balcony', 'Refrigerator', 'Window Coverings']",https://www.realtor.com/realestateandhomes-detail/4025-Southcenter-Blvd_Tukwila_WA_98188_M15237-43997
79,Cottage Woods,Apartment,"4025 Southcenter Blvd, Tukwila, WA 98188",1989,2-bedroom,2.0,1037.0,1495.0,5,3.0,2495.0,449000.0,"['24 Hour Availability', 'Balcony', 'Cable Ready', 'Carpet', 'Close to Tukwila Light Rail Station', 'Deck', 'Dining Room', 'Double Pane Windows', 'Eat-in Kitchen', 'Heating', 'High Speed Internet Access', 'Island Kitchen', 'Kitchen', 'Lawn', 'Linen Closet', 'Maintenance on site', 'Online Services', 'Oven', 'Package Service', 'Patio', 'Property Manager on Site', 'Range', 'Recycling', 'Smoke Free', 'Storage Units', 'Tub/Shower', 'Vaulted Ceiling', 'Vinyl Flooring', 'Walk-In Closets', 'Washer/Dryer']","['Cable or Satellite TV', 'Dishwasher', 'Disposal', 'Dryer', 'Fireplace', 'Patio/Balcony', 'Refrigerator', 'Window Coverings']",https://www.realtor.com/realestateandhomes-detail/4025-Southcenter-Blvd_Tukwila_WA_98188_M15237-43997
80,,Single Family Home,"539 31st Ave, Seattle, WA 98122",,4-bedroom,2.0,1800.0,3950.0,6,4.33,2650.0,684990.0,"['Parking', '']","['Dishwasher', 'Furnished Available', 'Hardwood Floors', 'Large Closets', 'Patio/Balcony']",https://www.realtor.com/realestateandhomes-detail/539-31st-Ave_Seattle_WA_98122_M10066-51685
